filename,i,run_time,total_loss,content_loss,style_loss,learning_rate,iters,alpha,beta,noise_ratio,optimizer,new_width,pool_method,pool_stride,last_style_loss_layer_w,style_num_layers,content_layer_num
tubingen_shipwreck_w300_i100_lr1.0_alpha1_beta5_nr0.1_lbfgs_avg_ps2_sllw0.2_snl5_cln4_time0.2.jpg,100,0.166824586,1639410.625,0.02917427,327882.125,1,100,1,5,0.1,lbfgs,300,avg,2,,5,4
tubingen_shipwreck_w300_i100_lr1.0_alpha1_beta5_nr0.1_lbfgs_avg_ps2_sllw0.2_snl5_cln4_time0.2.jpg,100,0.167932255,1663773.125,0.029091712,332754.625,1,100,1,5,0.1,lbfgs,300,avg,2,,5,4
tubingen_starry_night_w300_i50_lr1.0_alpha1_beta100_nr0.1_lbfgs_avg_ps2_sllw0.2_snl5_cln4_time0.2.jpg,50,0.17950582,53108956,0.031683568,531089.5625,1,50,1,100,0.1,lbfgs,300,avg,2,,5,4
tubingen_scream_w300_i40_lr2.0_alpha1_beta1000_nr0.1_lbfgs_avg_ps2_sllw0.2_snl5_cln4_time0.2.jpg,40,0.213273913,1840439552,0.030525662,1840439.5,2,40,1,1000,0.1,lbfgs,300,avg,2,,5,4
tubingen_seated_nude_w300_i200_lr1.0_alpha1_beta1000_nr0.7_lbfgs_avg_ps2_sllw0.2_snl5_cln4_time0.2.jpg,200,0.170233275,78148312,0.026719386,78148.3125,1,200,1,1000,0.7,lbfgs,300,avg,2,,5,4
tubingen_composition7_w300_i300_lr1.0_alpha1_beta1000_nr0.6_lbfgs_avg_ps2_sllw0.2_snl5_cln4_time0.2.jpg,300,0.19027781,360281856,0.062628575,360281.8438,1,300,1,1000,0.6,lbfgs,300,avg,2,,5,4
csjl_starry_night_w300_i70_lr1.0_alpha1_beta10_nr0.6_lbfgs_avg_ps2_sllw0.2_snl5_cln4_time0.2.jpg,70,0.244954978,5181438,0.045775462,518143.8125,1,70,1,10,0.6,lbfgs,300,avg,2,,5,4
tubingen_starry_night_w300_i100_lr1.0_alpha1_beta100_nr0.1_lbfgs_avg_ps2_sllw0.2_snl5_cln4_time0.2.jpg,100,0.249417198,23239968,0.034409102,232399.6719,1,100,1,100,0.1,lbfgs,300,avg,2,,5,4
tubingen_starry_night_w300_i200_lr1.0_alpha1_beta100_nr0.1_lbfgs_avg_ps2_sllw0.2_snl5_cln4_time0.3.jpg,200,0.252640382,10643216,0.03625958,106432.1641,1,200,1,100,0.1,lbfgs,300,avg,2,,5,4
tubingen_starry_night_w300_i300_lr1.0_alpha1_beta100_nr0.1_lbfgs_avg_ps2_sllw0.2_snl5_cln4_time0.3.jpg,300,0.278739306,7431766.5,0.037217788,74317.66406,1,300,1,100,0.1,lbfgs,300,avg,2,,5,4
tubingen_starry_night_w300_i400_lr1.0_alpha1_beta100_nr0.1_lbfgs_avg_ps2_sllw0.2_snl5_cln4_time0.3.jpg,400,0.296542819,6445997.5,0.037343416,64459.97656,1,400,1,100,0.1,lbfgs,300,avg,2,,5,4
tubingen_starry_night_w300_i500_lr1.0_alpha1_beta100_nr0.1_lbfgs_avg_ps2_sllw0.2_snl5_cln4_time0.3.jpg,500,0.335586516,5534751,0.037859097,55347.50781,1,500,1,100,0.1,lbfgs,300,avg,2,,5,4
tubingen_starry_night_w300_i600_lr1.0_alpha1_beta100_nr0.1_lbfgs_avg_ps2_sllw0.2_snl5_cln4_time0.4.jpg,600,0.352117642,5102016,0.038074918,51020.16016,1,600,1,100,0.1,lbfgs,300,avg,2,,5,4
tubingen_starry_night_w300_i700_lr1.0_alpha1_beta100_nr0.1_lbfgs_avg_ps2_sllw0.2_snl5_cln4_time0.4.jpg,700,0.383302207,4707549.5,0.038292449,47075.49609,1,700,1,100,0.1,lbfgs,300,avg,2,,5,4
tubingen_starry_night_w300_i800_lr1.0_alpha1_beta100_nr0.1_lbfgs_avg_ps2_sllw0.2_snl5_cln4_time0.4.jpg,800,0.420100856,4380463,0.038341336,43804.62891,1,800,1,100,0.1,lbfgs,300,avg,2,,5,4
tubingen_starry_night_w300_i900_lr1.0_alpha1_beta100_nr0.1_lbfgs_avg_ps2_sllw0.2_snl5_cln4_time0.5.jpg,900,0.467659839,4148324.25,0.038720842,41483.24219,1,900,1,100,0.1,lbfgs,300,avg,2,,5,4
tubingen_starry_night_w300_i1000_lr1.0_alpha1_beta100_nr0.1_lbfgs_avg_ps2_sllw0.2_snl5_cln4_time0.5.jpg,1000,0.48998228,3800366,0.039022833,38003.66016,1,1000,1,100,0.1,lbfgs,300,avg,2,,5,4
tubingen_starry_night_w300_i100_lr1.0_alpha1_beta100_nr0_lbfgs_avg_ps2_sllw0.2_snl5_cln4_time0.6.jpg,100,0.552002094,21145590,0.034724057,211455.9063,1,100,1,100,0,lbfgs,300,avg,2,,5,4
tubingen_starry_night_w300_i100_lr1.0_alpha1_beta100_nr0.1_lbfgs_avg_ps2_sllw0.2_snl5_cln4_time0.6.jpg,100,0.583223357,22315952,0.034586385,223159.5156,1,100,1,100,0.1,lbfgs,300,avg,2,,5,4
tubingen_starry_night_w300_i100_lr1.0_alpha1_beta100_nr0.3_lbfgs_avg_ps2_sllw0.2_snl5_cln4_time0.6.jpg,100,0.607412336,23126702,0.034585513,231267.0156,1,100,1,100,0.3,lbfgs,300,avg,2,,5,4
tubingen_starry_night_w300_i100_lr1.0_alpha1_beta100_nr0.5_lbfgs_avg_ps2_sllw0.2_snl5_cln4_time0.7.jpg,100,0.650445828,29760890,0.035693944,297608.9063,1,100,1,100,0.5,lbfgs,300,avg,2,,5,4
tubingen_starry_night_w300_i100_lr1.0_alpha1_beta100_nr0.7_lbfgs_avg_ps2_sllw0.2_snl5_cln4_time0.7.jpg,100,0.748771584,35873464,0.037415873,358734.625,1,100,1,100,0.7,lbfgs,300,avg,2,,5,4
tubingen_starry_night_w300_i100_lr1.0_alpha1_beta100_nr1_lbfgs_avg_ps2_sllw0.2_snl5_cln4_time0.8.jpg,100,0.81569495,47222608,0.045224395,472226.0938,1,100,1,100,1,lbfgs,300,avg,2,,5,4
tubingen_starry_night_w300_i100_lr1.0_alpha1_beta100_nr0.1_lbfgs_avg_ps2_sllw0.625_snl5_cln4_time0.8.jpg,100,0.831866717,25476348,0.033910286,254763.4844,1,100,1,100,0.1,lbfgs,300,avg,2,,5,4
tubingen_starry_night_w300_i100_lr1.0_alpha1_beta100_nr0.1_lbfgs_avg_ps2_sllw0.2_snl5_cln4_time0.9.jpg,100,0.866979933,21795308,0.03495571,217953.0781,1,100,1,100,0.1,lbfgs,300,avg,2,,5,4
tubingen_starry_night_w300_i100_lr1.0_alpha1_beta100_nr0.1_lbfgs_avg_ps2_sllw0.0125_snl5_cln4_time0.9.jpg,100,0.908121929,5585026,0.03454211,55850.26172,1,100,1,100,0.1,lbfgs,300,avg,2,,5,4
tubingen_starry_night_w300_i100_lr1.0_alpha1_beta100_nr0.1_lbfgs_avg_ps2_sllw0.2_snl5_cln1_time0.9.jpg,100,0.945221651,22589498,0.000808133,225894.9844,1,100,1,100,0.1,lbfgs,300,avg,2,,5,1
tubingen_starry_night_w300_i100_lr1.0_alpha1_beta100_nr0.1_lbfgs_avg_ps2_sllw0.2_snl5_cln2_time1.0.jpg,100,0.958652313,21862042,0.004616331,218620.4219,1,100,1,100,0.1,lbfgs,300,avg,2,,5,2
tubingen_starry_night_w300_i100_lr1.0_alpha1_beta100_nr0.1_lbfgs_avg_ps2_sllw0.2_snl5_cln3_time1.0.jpg,100,0.96140877,21926374,0.00411048,219263.7344,1,100,1,100,0.1,lbfgs,300,avg,2,,5,3
tubingen_starry_night_w300_i100_lr1.0_alpha1_beta100_nr0.1_lbfgs_avg_ps2_sllw0.2_snl5_cln4_time1.0.jpg,100,1.042510986,22288108,0.03455941,222881.0781,1,100,1,100,0.1,lbfgs,300,avg,2,,5,4
tubingen_starry_night_w300_i100_lr1.0_alpha1_beta100_nr0.1_lbfgs_avg_ps2_sllw0.2_snl5_cln5_time1.1.jpg,100,1.055506709,21994954,0.000207927,219949.5313,1,100,1,100,0.1,lbfgs,300,avg,2,,5,5
tubingen_starry_night_w300_i100_lr1.0_alpha1_beta0_nr0.1_lbfgs_avg_ps2_sllw0.2_snl5_cln4_time0.1.jpg,100,0.103967767,0.000295246,0.000295246,113754104,1,100,1,0,0.1,lbfgs,300,avg,2,,5,4
tubingen_starry_night_w300_i100_lr1.0_alpha100_beta1_nr0.1_lbfgs_avg_ps2_sllw0.2_snl5_cln4_time1.1.jpg,100,1.116826677,219666.5313,0.034624092,219663.0625,1,100,100,1,0.1,lbfgs,300,avg,2,,5,4
tubingen_starry_night_w300_i100_lr1.0_alpha10_beta1_nr0.1_lbfgs_avg_ps2_sllw0.2_snl5_cln4_time1.1.jpg,100,1.1320081,224981.6875,0.034482714,224981.3438,1,100,10,1,0.1,lbfgs,300,avg,2,,5,4
tubingen_starry_night_w300_i100_lr1.0_alpha1_beta1_nr0.1_lbfgs_avg_ps2_sllw0.2_snl5_cln4_time1.2.jpg,100,1.17292347,217781.2813,0.034573916,217781.25,1,100,1,1,0.1,lbfgs,300,avg,2,,5,4
tubingen_starry_night_w300_i100_lr1.0_alpha1_beta10_nr0.1_lbfgs_avg_ps2_sllw0.2_snl5_cln4_time1.2.jpg,100,1.219528272,2253664.5,0.034626488,225366.4531,1,100,1,10,0.1,lbfgs,300,avg,2,,5,4
tubingen_starry_night_w300_i100_lr1.0_alpha1_beta100_nr0.1_lbfgs_avg_ps2_sllw0.2_snl5_cln4_time1.3.jpg,100,1.255195918,22036236,0.03487834,220362.3594,1,100,1,100,0.1,lbfgs,300,avg,2,,5,4
tubingen_starry_night_w300_i100_lr1000_alpha1_beta100_nr0.1_lbfgs_max_ps2_sllw0.2_snl5_cln4_time1.4.jpg,100,1.401986127,1002764096,0.235336348,10027641,1000,100,1,100,0.1,lbfgs,300,max,2,,5,4
tubingen_starry_night_w300_i100_lr1000_alpha1_beta100_nr0.1_lbfgs_max_ps5_sllw0.2_snl5_cln4_time1.3.jpg,100,1.339512994,43633577984,88.95563507,436335776,1000,100,1,100,0.1,lbfgs,300,max,5,,5,4
tubingen_starry_night_w300_i100_lr1000_alpha1_beta100_nr0.1_lbfgs_max_ps20_sllw0.2_snl5_cln4_time1.4.jpg,100,1.375746231,1071143616,0.371915907,10711436,1000,100,1,100,0.1,lbfgs,300,max,20,,5,4
tubingen_starry_night_w300_i100_lr1000_alpha1_beta100_nr0.1_lbfgs_avg_ps2_sllw0.2_snl5_cln4_time1.5.jpg,100,1.51472851,21688554,0.034415439,216885.5469,1000,100,1,100,0.1,lbfgs,300,avg,2,,5,4
tubingen_starry_night_w300_i100_lr1000_alpha1_beta100_nr0.1_lbfgs_avg_ps5_sllw0.2_snl5_cln4_time1.5.jpg,100,1.47077244,4024705,0.878832638,40247.03906,1000,100,1,100,0.1,lbfgs,300,avg,5,,5,4
tubingen_starry_night_w300_i100_lr1000_alpha1_beta100_nr0.1_lbfgs_avg_ps20_sllw0.2_snl5_cln4_time1.5.jpg,100,1.477512853,159851.8281,0.000806851,1598.518311,1000,100,1,100,0.1,lbfgs,300,avg,20,,5,4
tubingen_starry_night_w300_i100_lr1000_alpha1_beta100_nr0.1_lbfgs_avg_ps2_sllw0.2_snl5_cln4_time1.6.jpg,100,1.597500379,21410204,0.034731753,214102.0313,1000,100,1,100,0.1,lbfgs,300,avg,2,,5,4
tubingen_starry_night_w300_i100_lr1000_alpha1_beta100_nr0.1_lbfgs_avg_ps3_sllw0.2_snl5_cln4_time1.6.jpg,100,1.563697722,30165110,0.219385177,301651.0938,1000,100,1,100,0.1,lbfgs,300,avg,3,,5,4
tubingen_starry_night_w300_i100_lr1000_alpha1_beta100_nr0.1_lbfgs_avg_ps5_sllw0.2_snl5_cln4_time1.6.jpg,100,1.596270263,4045146.75,0.879110336,40451.45703,1000,100,1,100,0.1,lbfgs,300,avg,5,,5,4
tubingen_starry_night_w300_i100_lr1000_alpha1_beta100_nr0.1_lbfgs_avg_ps10_sllw0.2_snl5_cln4_time1.6.jpg,100,1.603849075,603416.75,0.544647574,6034.161621,1000,100,1,100,0.1,lbfgs,300,avg,10,,5,4
tubingen_starry_night_w300_i100_lr1000_alpha1_beta100_nr0.1_lbfgs_avg_ps20_sllw0.2_snl5_cln4_time1.6.jpg,100,1.646846793,158408.7344,0.000809825,1584.08728,1000,100,1,100,0.1,lbfgs,300,avg,20,,5,4
tubingen_starry_night_w200_i20_lr1.0_alpha1_beta100_nr0.1_lbfgs_avg_ps2_sllw0.2_snl5_cln4_time2.1.jpg,20,2.073012102,231712896,0.058938935,2317129,1,20,1,100,0.1,lbfgs,200,avg,2,,5,4
tubingen_starry_night_w300_i20_lr1.0_alpha1_beta100_nr0.1_lbfgs_avg_ps2_sllw0.2_snl5_cln4_time2.2.jpg,20,2.180005801,175116416,0.027105737,1751164.125,1,20,1,100,0.1,lbfgs,300,avg,2,,5,4
tubingen_starry_night_w800_i20_lr1.0_alpha1_beta100_nr0.1_lbfgs_avg_ps2_sllw0.2_snl5_cln4_time3.7.jpg,20,3.704157043,82717304,0.003434612,827173.0625,1,20,1,100,0.1,lbfgs,800,avg,2,,5,4
tubingen_starry_night_w300_i0_lr0.001_alpha1_beta100_nr0.1_adam_avg_ps2_sllw0.2_snl5_cln4_time0.0.jpg,0,0,11374963712,0.000295725,113749640,0.001,500,1,100,0.1,adam,300,avg,2,,5,4
tubingen_starry_night_w300_i100_lr0.001_alpha1_beta100_nr0.1_adam_avg_ps2_sllw0.2_snl5_cln4_time0.0.jpg,100,0,11166308352,0.000324637,111663088,0.001,500,1,100,0.1,adam,300,avg,2,,5,4
tubingen_starry_night_w300_i200_lr0.001_alpha1_beta100_nr0.1_adam_avg_ps2_sllw0.2_snl5_cln4_time0.0.jpg,200,0,10937532416,0.000393884,109375328,0.001,500,1,100,0.1,adam,300,avg,2,,5,4
tubingen_starry_night_w300_i300_lr0.001_alpha1_beta100_nr0.1_adam_avg_ps2_sllw0.2_snl5_cln4_time0.0.jpg,300,0,10694498304,0.00050728,106944984,0.001,500,1,100,0.1,adam,300,avg,2,,5,4
tubingen_starry_night_w300_i400_lr0.001_alpha1_beta100_nr0.1_adam_avg_ps2_sllw0.2_snl5_cln4_time0.0.jpg,400,0,10444564480,0.000660565,104445640,0.001,500,1,100,0.1,adam,300,avg,2,,5,4
tubingen_starry_night_w300_i500_lr0.001_alpha1_beta100_nr0.1_adam_avg_ps2_sllw0.2_snl5_cln4_time0.1.jpg,500,0.100393753,10444564480,0.000660565,104445640,0.001,500,1,100,0.1,adam,300,avg,2,,5,4
tubingen_starry_night_w300_i0_lr0.1_alpha1_beta100_nr0.1_adam_avg_ps2_sllw0.2_snl5_cln4_time0.0.jpg,0,0,11181684736,0.000320472,111816848,0.1,500,1,100,0.1,adam,300,avg,2,,5,4
tubingen_starry_night_w300_i100_lr0.1_alpha1_beta100_nr0.1_adam_avg_ps2_sllw0.2_snl5_cln4_time0.0.jpg,100,0,1876851968,0.014123387,18768520,0.1,500,1,100,0.1,adam,300,avg,2,,5,4
tubingen_starry_night_w300_i200_lr0.1_alpha1_beta100_nr0.1_adam_avg_ps2_sllw0.2_snl5_cln4_time0.0.jpg,200,0,850769088,0.018012371,8507691,0.1,500,1,100,0.1,adam,300,avg,2,,5,4
tubingen_starry_night_w300_i300_lr0.1_alpha1_beta100_nr0.1_adam_avg_ps2_sllw0.2_snl5_cln4_time0.0.jpg,300,0,549181888,0.020138599,5491819,0.1,500,1,100,0.1,adam,300,avg,2,,5,4
tubingen_starry_night_w300_i400_lr0.1_alpha1_beta100_nr0.1_adam_avg_ps2_sllw0.2_snl5_cln4_time0.0.jpg,400,0,412245312,0.021564053,4122453,0.1,500,1,100,0.1,adam,300,avg,2,,5,4
tubingen_starry_night_w300_i500_lr0.1_alpha1_beta100_nr0.1_adam_avg_ps2_sllw0.2_snl5_cln4_time0.1.jpg,500,0.100307832,412245312,0.021564053,4122453,0.1,500,1,100,0.1,adam,300,avg,2,,5,4
tubingen_starry_night_w300_i0_lr2_alpha1_beta100_nr0.1_adam_avg_ps2_sllw0.2_snl5_cln4_time0.0.jpg,0,0,8136562176,0.003264317,81365624,2,500,1,100,0.1,adam,300,avg,2,,5,4
tubingen_starry_night_w300_i100_lr2_alpha1_beta100_nr0.1_adam_avg_ps2_sllw0.2_snl5_cln4_time0.0.jpg,100,0,102909336,0.028247582,1029093.375,2,500,1,100,0.1,adam,300,avg,2,,5,4
tubingen_starry_night_w300_i200_lr2_alpha1_beta100_nr0.1_adam_avg_ps2_sllw0.2_snl5_cln4_time0.0.jpg,200,0,55047044,0.030351918,550470.4375,2,500,1,100,0.1,adam,300,avg,2,,5,4
tubingen_starry_night_w300_i300_lr2_alpha1_beta100_nr0.1_adam_avg_ps2_sllw0.2_snl5_cln4_time0.0.jpg,300,0,38361420,0.031571597,383614.1875,2,500,1,100,0.1,adam,300,avg,2,,5,4
tubingen_starry_night_w300_i400_lr2_alpha1_beta100_nr0.1_adam_avg_ps2_sllw0.2_snl5_cln4_time0.0.jpg,400,0,29294394,0.032460872,292943.9375,2,500,1,100,0.1,adam,300,avg,2,,5,4
tubingen_starry_night_w300_i500_lr2_alpha1_beta100_nr0.1_adam_avg_ps2_sllw0.2_snl5_cln4_time0.1.jpg,500,0.101106537,29294394,0.032460872,292943.9375,2,500,1,100,0.1,adam,300,avg,2,,5,4
tubingen_starry_night_w300_i0_lr1000_alpha1_beta100_nr0.1_adam_avg_ps2_sllw0.2_snl5_cln4_time0.0.jpg,0,0,1.22E+16,15.10663605,1.22232E+14,1000,500,1,100,0.1,adam,300,avg,2,,5,4
tubingen_starry_night_w300_i100_lr1000_alpha1_beta100_nr0.1_adam_avg_ps2_sllw0.2_snl5_cln4_time0.0.jpg,100,0,1.25043E+12,0.121366501,12504285184,1000,500,1,100,0.1,adam,300,avg,2,,5,4
tubingen_starry_night_w300_i200_lr1000_alpha1_beta100_nr0.1_adam_avg_ps2_sllw0.2_snl5_cln4_time0.0.jpg,200,0,3.31517E+11,0.076847419,3315167488,1000,500,1,100,0.1,adam,300,avg,2,,5,4
tubingen_starry_night_w300_i300_lr1000_alpha1_beta100_nr0.1_adam_avg_ps2_sllw0.2_snl5_cln4_time0.0.jpg,300,0,1.57532E+11,0.062556349,1575316096,1000,500,1,100,0.1,adam,300,avg,2,,5,4
tubingen_starry_night_w300_i400_lr1000_alpha1_beta100_nr0.1_adam_avg_ps2_sllw0.2_snl5_cln4_time0.0.jpg,400,0,90620862464,0.055264995,906208640,1000,500,1,100,0.1,adam,300,avg,2,,5,4
tubingen_starry_night_w300_i500_lr1000_alpha1_beta100_nr0.1_adam_avg_ps2_sllw0.2_snl5_cln4_time0.1.jpg,500,0.101294942,90620862464,0.055264995,906208640,1000,500,1,100,0.1,adam,300,avg,2,,5,4tubingen_composition7_w300_i0_lr1.0_alpha1_beta10000000000_nr0.6_adam_avg_ps2_sllw0.2_snl1_cln4_time0.0.jpg,0,0,971309068582912.0,0.011939939111471176,97130.90625,1.0,1000,1,10000000000,0.6,adam,300,avg,2,,1,4
tubingen_composition7_w300_i100_lr1.0_alpha1_beta10000000000_nr0.6_adam_avg_ps2_sllw0.2_snl1_cln4_time0.0.jpg,100,0,35273266167808.0,0.02332325279712677,3527.326416015625,1.0,1000,1,10000000000,0.6,adam,300,avg,2,,1,4
tubingen_composition7_w300_i200_lr1.0_alpha1_beta10000000000_nr0.6_adam_avg_ps2_sllw0.2_snl1_cln4_time0.0.jpg,200,0,5168635052032.0,0.026704147458076477,516.863525390625,1.0,1000,1,10000000000,0.6,adam,300,avg,2,,1,4
tubingen_composition7_w300_i300_lr1.0_alpha1_beta10000000000_nr0.6_adam_avg_ps2_sllw0.2_snl1_cln4_time0.0.jpg,300,0,1405291331584.0,0.027060195803642273,140.5291290283203,1.0,1000,1,10000000000,0.6,adam,300,avg,2,,1,4
tubingen_composition7_w300_i400_lr1.0_alpha1_beta10000000000_nr0.6_adam_avg_ps2_sllw0.2_snl1_cln4_time0.0.jpg,400,0,437949202432.0,0.026999665424227715,43.794921875,1.0,1000,1,10000000000,0.6,adam,300,avg,2,,1,4
tubingen_composition7_w300_i500_lr1.0_alpha1_beta10000000000_nr0.6_adam_avg_ps2_sllw0.2_snl1_cln4_time0.0.jpg,500,0,174840397824.0,0.02696189284324646,17.484039306640625,1.0,1000,1,10000000000,0.6,adam,300,avg,2,,1,4
tubingen_composition7_w300_i600_lr1.0_alpha1_beta10000000000_nr0.6_adam_avg_ps2_sllw0.2_snl1_cln4_time0.0.jpg,600,0,95630090240.0,0.026960687711834908,9.563009262084961,1.0,1000,1,10000000000,0.6,adam,300,avg,2,,1,4
tubingen_composition7_w300_i700_lr1.0_alpha1_beta10000000000_nr0.6_adam_avg_ps2_sllw0.2_snl1_cln4_time0.0.jpg,700,0,64179601408.0,0.026985401287674904,6.417960166931152,1.0,1000,1,10000000000,0.6,adam,300,avg,2,,1,4
tubingen_composition7_w300_i800_lr1.0_alpha1_beta10000000000_nr0.6_adam_avg_ps2_sllw0.2_snl1_cln4_time0.0.jpg,800,0,47545638912.0,0.027026763185858727,4.754563808441162,1.0,1000,1,10000000000,0.6,adam,300,avg,2,,1,4
tubingen_composition7_w300_i900_lr1.0_alpha1_beta10000000000_nr0.6_adam_avg_ps2_sllw0.2_snl1_cln4_time0.0.jpg,900,0,37066170368.0,0.027074584737420082,3.7066171169281006,1.0,1000,1,10000000000,0.6,adam,300,avg,2,,1,4
tubingen_composition7_w300_i1000_lr1.0_alpha1_beta10000000000_nr0.6_adam_avg_ps2_sllw0.2_snl1_cln4_time0.1.jpg,1000,0.05791819429397583,37066170368.0,0.027074584737420082,3.7066171169281006,1.0,1000,1,10000000000,0.6,adam,300,avg,2,,1,4
tubingen_composition7_w300_i0_lr1.0_alpha1_beta1000_nr0.6_adam_avg_ps2_sllw0.2_snl1_cln4_time0.0.jpg,0,0,97056504.0,0.011853811331093311,97056.5078125,1.0,1000,1,1000,0.6,adam,300,avg,2,,1,4
tubingen_composition7_w300_i100_lr1.0_alpha1_beta1000_nr0.6_adam_avg_ps2_sllw0.2_snl1_cln4_time0.0.jpg,100,0,3500262.0,0.02358163706958294,3500.261962890625,1.0,1000,1,1000,0.6,adam,300,avg,2,,1,4
tubingen_composition7_w300_i200_lr1.0_alpha1_beta1000_nr0.6_adam_avg_ps2_sllw0.2_snl1_cln4_time0.0.jpg,200,0,524215.25,0.027288513258099556,524.2152099609375,1.0,1000,1,1000,0.6,adam,300,avg,2,,1,4
tubingen_composition7_w300_i300_lr1.0_alpha1_beta1000_nr0.6_adam_avg_ps2_sllw0.2_snl1_cln4_time0.0.jpg,300,0,145813.578125,0.027490291744470596,145.8135528564453,1.0,1000,1,1000,0.6,adam,300,avg,2,,1,4
tubingen_composition7_w300_i400_lr1.0_alpha1_beta1000_nr0.6_adam_avg_ps2_sllw0.2_snl1_cln4_time0.0.jpg,400,0,45347.60546875,0.027330512180924416,45.34757995605469,1.0,1000,1,1000,0.6,adam,300,avg,2,,1,4
tubingen_composition7_w300_i500_lr1.0_alpha1_beta1000_nr0.6_adam_avg_ps2_sllw0.2_snl1_cln4_time0.0.jpg,500,0,17883.5,0.027242397889494896,17.883472442626953,1.0,1000,1,1000,0.6,adam,300,avg,2,,1,4
tubingen_composition7_w300_i600_lr1.0_alpha1_beta1000_nr0.6_adam_avg_ps2_sllw0.2_snl1_cln4_time0.0.jpg,600,0,9635.080078125,0.027226246893405914,9.635052680969238,1.0,1000,1,1000,0.6,adam,300,avg,2,,1,4
tubingen_composition7_w300_i700_lr1.0_alpha1_beta1000_nr0.6_adam_avg_ps2_sllw0.2_snl1_cln4_time0.0.jpg,700,0,6392.52099609375,0.027248093858361244,6.392493724822998,1.0,1000,1,1000,0.6,adam,300,avg,2,,1,4
tubingen_composition7_w300_i800_lr1.0_alpha1_beta1000_nr0.6_adam_avg_ps2_sllw0.2_snl1_cln4_time0.0.jpg,800,0,4698.26953125,0.027288613840937614,4.6982421875,1.0,1000,1,1000,0.6,adam,300,avg,2,,1,4
tubingen_composition7_w300_i900_lr1.0_alpha1_beta1000_nr0.6_adam_avg_ps2_sllw0.2_snl1_cln4_time0.0.jpg,900,0,3641.512451171875,0.027332831174135208,3.6414852142333984,1.0,1000,1,1000,0.6,adam,300,avg,2,,1,4
tubingen_composition7_w300_i1000_lr1.0_alpha1_beta1000_nr0.6_adam_avg_ps2_sllw0.2_snl1_cln4_time0.1.jpg,1000,0.05764113473892212,3641.512451171875,0.027332831174135208,3.6414852142333984,1.0,1000,1,1000,0.6,adam,300,avg,2,,1,4
tubingen_composition7_w300_i0_lr1.0_alpha1_beta0.001_nr0.6_adam_avg_ps2_sllw0.2_snl1_cln4_time0.0.jpg,0,0,97.17870330810547,0.011921484023332596,97166.7734375,1.0,1000,1,0.001,0.6,adam,300,avg,2,,1,4
tubingen_composition7_w300_i100_lr1.0_alpha1_beta0.001_nr0.6_adam_avg_ps2_sllw0.2_snl1_cln4_time0.0.jpg,100,0,3.63698673248291,0.022960519418120384,3614.026123046875,1.0,1000,1,0.001,0.6,adam,300,avg,2,,1,4
tubingen_composition7_w300_i200_lr1.0_alpha1_beta0.001_nr0.6_adam_avg_ps2_sllw0.2_snl1_cln4_time0.0.jpg,200,0,0.5604291558265686,0.025749538093805313,534.6795654296875,1.0,1000,1,0.001,0.6,adam,300,avg,2,,1,4
tubingen_composition7_w300_i300_lr1.0_alpha1_beta0.001_nr0.6_adam_avg_ps2_sllw0.2_snl1_cln4_time0.0.jpg,300,0,0.1710444539785385,0.025482481345534325,145.5619659423828,1.0,1000,1,0.001,0.6,adam,300,avg,2,,1,4
tubingen_composition7_w300_i400_lr1.0_alpha1_beta0.001_nr0.6_adam_avg_ps2_sllw0.2_snl1_cln4_time0.0.jpg,400,0,0.06836656481027603,0.024621378630399704,43.74518585205078,1.0,1000,1,0.001,0.6,adam,300,avg,2,,1,4
tubingen_composition7_w300_i500_lr1.0_alpha1_beta0.001_nr0.6_adam_avg_ps2_sllw0.2_snl1_cln4_time0.0.jpg,500,0,0.040834374725818634,0.023692918941378593,17.14145278930664,1.0,1000,1,0.001,0.6,adam,300,avg,2,,1,4
tubingen_composition7_w300_i600_lr1.0_alpha1_beta0.001_nr0.6_adam_avg_ps2_sllw0.2_snl1_cln4_time0.0.jpg,600,0,0.03227051720023155,0.022829687222838402,9.440829277038574,1.0,1000,1,0.001,0.6,adam,300,avg,2,,1,4
tubingen_composition7_w300_i700_lr1.0_alpha1_beta0.001_nr0.6_adam_avg_ps2_sllw0.2_snl1_cln4_time0.0.jpg,700,0,0.028477011248469353,0.022030428051948547,6.446582794189453,1.0,1000,1,0.001,0.6,adam,300,avg,2,,1,4
tubingen_composition7_w300_i800_lr1.0_alpha1_beta0.001_nr0.6_adam_avg_ps2_sllw0.2_snl1_cln4_time0.0.jpg,800,0,0.026156321167945862,0.02129455842077732,4.861762523651123,1.0,1000,1,0.001,0.6,adam,300,avg,2,,1,4
tubingen_composition7_w300_i900_lr1.0_alpha1_beta0.001_nr0.6_adam_avg_ps2_sllw0.2_snl1_cln4_time0.0.jpg,900,0,0.02446986734867096,0.02061452716588974,3.8553404808044434,1.0,1000,1,0.001,0.6,adam,300,avg,2,,1,4
tubingen_composition7_w300_i1000_lr1.0_alpha1_beta0.001_nr0.6_adam_avg_ps2_sllw0.2_snl1_cln4_time0.1.jpg,1000,0.057740804195404054,0.02446986734867096,0.02061452716588974,3.8553404808044434,1.0,1000,1,0.001,0.6,adam,300,avg,2,,1,4
tubingen_composition7_w300_i0_lr1.0_alpha1_beta1e-10_nr0.6_adam_avg_ps2_sllw0.2_snl1_cln4_time0.0.jpg,0,0,0.011710310354828835,0.011700442060828209,98679.0078125,1.0,1000,1,1e-10,0.6,adam,300,avg,2,,1,4
tubingen_composition7_w300_i100_lr1.0_alpha1_beta1e-10_nr0.6_adam_avg_ps2_sllw0.2_snl1_cln4_time0.0.jpg,100,0,0.002961883321404457,0.002952730283141136,91531.0,1.0,1000,1,1e-10,0.6,adam,300,avg,2,,1,4
tubingen_composition7_w300_i200_lr1.0_alpha1_beta1e-10_nr0.6_adam_avg_ps2_sllw0.2_snl1_cln4_time0.0.jpg,200,0,0.0015651194844394922,0.0015566226793453097,84968.6015625,1.0,1000,1,1e-10,0.6,adam,300,avg,2,,1,4
tubingen_composition7_w300_i300_lr1.0_alpha1_beta1e-10_nr0.6_adam_avg_ps2_sllw0.2_snl1_cln4_time0.0.jpg,300,0,0.0009609733242541552,0.0009528949158266187,80784.0390625,1.0,1000,1,1e-10,0.6,adam,300,avg,2,,1,4
tubingen_composition7_w300_i400_lr1.0_alpha1_beta1e-10_nr0.6_adam_avg_ps2_sllw0.2_snl1_cln4_time0.0.jpg,400,0,0.0006280264933593571,0.0006201993091963232,78271.7109375,1.0,1000,1,1e-10,0.6,adam,300,avg,2,,1,4
tubingen_composition7_w300_i500_lr1.0_alpha1_beta1e-10_nr0.6_adam_avg_ps2_sllw0.2_snl1_cln4_time0.0.jpg,500,0,0.0004334683471824974,0.0004257841210346669,76842.28125,1.0,1000,1,1e-10,0.6,adam,300,avg,2,,1,4
tubingen_composition7_w300_i600_lr1.0_alpha1_beta1e-10_nr0.6_adam_avg_ps2_sllw0.2_snl1_cln4_time0.0.jpg,600,0,0.00031469514942727983,0.00030708397389389575,76111.6640625,1.0,1000,1,1e-10,0.6,adam,300,avg,2,,1,4
tubingen_composition7_w300_i700_lr1.0_alpha1_beta1e-10_nr0.6_adam_avg_ps2_sllw0.2_snl1_cln4_time0.0.jpg,700,0,0.0002366296830587089,0.00022904761135578156,75820.7109375,1.0,1000,1,1e-10,0.6,adam,300,avg,2,,1,4
tubingen_composition7_w300_i800_lr1.0_alpha1_beta1e-10_nr0.6_adam_avg_ps2_sllw0.2_snl1_cln4_time0.0.jpg,800,0,0.000183625947101973,0.00017604808090254664,75778.6953125,1.0,1000,1,1e-10,0.6,adam,300,avg,2,,1,4
tubingen_composition7_w300_i900_lr1.0_alpha1_beta1e-10_nr0.6_adam_avg_ps2_sllw0.2_snl1_cln4_time0.0.jpg,900,0,0.00014646594354417175,0.00013887994282413274,75860.0078125,1.0,1000,1,1e-10,0.6,adam,300,avg,2,,1,4
tubingen_composition7_w300_i1000_lr1.0_alpha1_beta1e-10_nr0.6_adam_avg_ps2_sllw0.2_snl1_cln4_time0.1.jpg,1000,0.05781052184104919,0.00014646594354417175,0.00013887994282413274,75860.0078125,1.0,1000,1,1e-10,0.6,adam,300,avg,2,,1,4
tubingen_composition7_w300_i0_lr1.0_alpha1_beta10000000000_nr0.6_adam_avg_ps2_sllw0.2_snl2_cln4_time0.0.jpg,0,0,4.1783788625618534e+17,0.011984416283667088,41783788.0,1.0,1000,1,10000000000,0.6,adam,300,avg,2,,2,4
tubingen_composition7_w300_i100_lr1.0_alpha1_beta10000000000_nr0.6_adam_avg_ps2_sllw0.2_snl2_cln4_time0.0.jpg,100,0,6517210218496000.0,0.02891286090016365,651721.0,1.0,1000,1,10000000000,0.6,adam,300,avg,2,,2,4
tubingen_composition7_w300_i200_lr1.0_alpha1_beta10000000000_nr0.6_adam_avg_ps2_sllw0.2_snl2_cln4_time0.0.jpg,200,0,1899804024111104.0,0.031512267887592316,189980.40625,1.0,1000,1,10000000000,0.6,adam,300,avg,2,,2,4
tubingen_composition7_w300_i300_lr1.0_alpha1_beta10000000000_nr0.6_adam_avg_ps2_sllw0.2_snl2_cln4_time0.0.jpg,300,0,1021647964340224.0,0.0332937091588974,102164.796875,1.0,1000,1,10000000000,0.6,adam,300,avg,2,,2,4
tubingen_composition7_w300_i400_lr1.0_alpha1_beta10000000000_nr0.6_adam_avg_ps2_sllw0.2_snl2_cln4_time0.0.jpg,400,0,677204941864960.0,0.03460419550538063,67720.4921875,1.0,1000,1,10000000000,0.6,adam,300,avg,2,,2,4
tubingen_composition7_w300_i500_lr1.0_alpha1_beta10000000000_nr0.6_adam_avg_ps2_sllw0.2_snl2_cln4_time0.0.jpg,500,0,495460280172544.0,0.03551965951919556,49546.02734375,1.0,1000,1,10000000000,0.6,adam,300,avg,2,,2,4
tubingen_composition7_w300_i600_lr1.0_alpha1_beta10000000000_nr0.6_adam_avg_ps2_sllw0.2_snl2_cln4_time0.0.jpg,600,0,380840823488512.0,0.03617169335484505,38084.08203125,1.0,1000,1,10000000000,0.6,adam,300,avg,2,,2,4
tubingen_composition7_w300_i700_lr1.0_alpha1_beta10000000000_nr0.6_adam_avg_ps2_sllw0.2_snl2_cln4_time0.0.jpg,700,0,301241791938560.0,0.036676086485385895,30124.177734375,1.0,1000,1,10000000000,0.6,adam,300,avg,2,,2,4
tubingen_composition7_w300_i800_lr1.0_alpha1_beta10000000000_nr0.6_adam_avg_ps2_sllw0.2_snl2_cln4_time0.0.jpg,800,0,243048038531072.0,0.03712683916091919,24304.8046875,1.0,1000,1,10000000000,0.6,adam,300,avg,2,,2,4
tubingen_composition7_w300_i900_lr1.0_alpha1_beta10000000000_nr0.6_adam_avg_ps2_sllw0.2_snl2_cln4_time0.0.jpg,900,0,199267792715776.0,0.037549130618572235,19926.779296875,1.0,1000,1,10000000000,0.6,adam,300,avg,2,,2,4
tubingen_composition7_w300_i1000_lr1.0_alpha1_beta10000000000_nr0.6_adam_avg_ps2_sllw0.2_snl2_cln4_time0.1.jpg,1000,0.060561065912246706,199267792715776.0,0.037549130618572235,19926.779296875,1.0,1000,1,10000000000,0.6,adam,300,avg,2,,2,4
tubingen_composition7_w300_i0_lr1.0_alpha1_beta1000_nr0.6_adam_avg_ps2_sllw0.2_snl2_cln4_time0.0.jpg,0,0,41783164928.0,0.011969528160989285,41783164.0,1.0,1000,1,1000,0.6,adam,300,avg,2,,2,4
tubingen_composition7_w300_i100_lr1.0_alpha1_beta1000_nr0.6_adam_avg_ps2_sllw0.2_snl2_cln4_time0.0.jpg,100,0,639640384.0,0.02901003323495388,639640.375,1.0,1000,1,1000,0.6,adam,300,avg,2,,2,4
tubingen_composition7_w300_i200_lr1.0_alpha1_beta1000_nr0.6_adam_avg_ps2_sllw0.2_snl2_cln4_time0.0.jpg,200,0,186818368.0,0.031447071582078934,186818.375,1.0,1000,1,1000,0.6,adam,300,avg,2,,2,4
tubingen_composition7_w300_i300_lr1.0_alpha1_beta1000_nr0.6_adam_avg_ps2_sllw0.2_snl2_cln4_time0.0.jpg,300,0,101614192.0,0.033176030963659286,101614.1953125,1.0,1000,1,1000,0.6,adam,300,avg,2,,2,4
tubingen_composition7_w300_i400_lr1.0_alpha1_beta1000_nr0.6_adam_avg_ps2_sllw0.2_snl2_cln4_time0.0.jpg,400,0,67561568.0,0.034491442143917084,67561.5703125,1.0,1000,1,1000,0.6,adam,300,avg,2,,2,4
tubingen_composition7_w300_i500_lr1.0_alpha1_beta1000_nr0.6_adam_avg_ps2_sllw0.2_snl2_cln4_time0.0.jpg,500,0,49515444.0,0.03536441549658775,49515.4453125,1.0,1000,1,1000,0.6,adam,300,avg,2,,2,4
tubingen_composition7_w300_i600_lr1.0_alpha1_beta1000_nr0.6_adam_avg_ps2_sllw0.2_snl2_cln4_time0.0.jpg,600,0,38187348.0,0.03595604747533798,38187.34765625,1.0,1000,1,1000,0.6,adam,300,avg,2,,2,4
tubingen_composition7_w300_i700_lr1.0_alpha1_beta1000_nr0.6_adam_avg_ps2_sllw0.2_snl2_cln4_time0.0.jpg,700,0,30280458.0,0.0364241898059845,30280.45703125,1.0,1000,1,1000,0.6,adam,300,avg,2,,2,4
tubingen_composition7_w300_i800_lr1.0_alpha1_beta1000_nr0.6_adam_avg_ps2_sllw0.2_snl2_cln4_time0.0.jpg,800,0,24506488.0,0.03683934360742569,24506.48828125,1.0,1000,1,1000,0.6,adam,300,avg,2,,2,4
tubingen_composition7_w300_i900_lr1.0_alpha1_beta1000_nr0.6_adam_avg_ps2_sllw0.2_snl2_cln4_time0.0.jpg,900,0,20146780.0,0.037215057760477066,20146.779296875,1.0,1000,1,1000,0.6,adam,300,avg,2,,2,4
tubingen_composition7_w300_i1000_lr1.0_alpha1_beta1000_nr0.6_adam_avg_ps2_sllw0.2_snl2_cln4_time0.1.jpg,1000,0.060587462902069095,20146780.0,0.037215057760477066,20146.779296875,1.0,1000,1,1000,0.6,adam,300,avg,2,,2,4
tubingen_composition7_w300_i0_lr1.0_alpha1_beta0.001_nr0.6_adam_avg_ps2_sllw0.2_snl2_cln4_time0.0.jpg,0,0,41768.29296875,0.011975935660302639,41768280.0,1.0,1000,1,0.001,0.6,adam,300,avg,2,,2,4
tubingen_composition7_w300_i100_lr1.0_alpha1_beta0.001_nr0.6_adam_avg_ps2_sllw0.2_snl2_cln4_time0.0.jpg,100,0,641.8456420898438,0.02916293777525425,641816.4375,1.0,1000,1,0.001,0.6,adam,300,avg,2,,2,4
tubingen_composition7_w300_i200_lr1.0_alpha1_beta0.001_nr0.6_adam_avg_ps2_sllw0.2_snl2_cln4_time0.0.jpg,200,0,187.7562255859375,0.031646694988012314,187724.5625,1.0,1000,1,0.001,0.6,adam,300,avg,2,,2,4
tubingen_composition7_w300_i300_lr1.0_alpha1_beta0.001_nr0.6_adam_avg_ps2_sllw0.2_snl2_cln4_time0.0.jpg,300,0,101.82706451416016,0.03341025859117508,101793.6484375,1.0,1000,1,0.001,0.6,adam,300,avg,2,,2,4
tubingen_composition7_w300_i400_lr1.0_alpha1_beta0.001_nr0.6_adam_avg_ps2_sllw0.2_snl2_cln4_time0.0.jpg,400,0,67.82728576660156,0.034761253744363785,67792.5234375,1.0,1000,1,0.001,0.6,adam,300,avg,2,,2,4
tubingen_composition7_w300_i500_lr1.0_alpha1_beta0.001_nr0.6_adam_avg_ps2_sllw0.2_snl2_cln4_time0.0.jpg,500,0,49.616180419921875,0.03569786995649338,49580.48046875,1.0,1000,1,0.001,0.6,adam,300,avg,2,,2,4
tubingen_composition7_w300_i600_lr1.0_alpha1_beta0.001_nr0.6_adam_avg_ps2_sllw0.2_snl2_cln4_time0.0.jpg,600,0,38.01018142700195,0.03638990595936775,37973.79296875,1.0,1000,1,0.001,0.6,adam,300,avg,2,,2,4
tubingen_composition7_w300_i700_lr1.0_alpha1_beta0.001_nr0.6_adam_avg_ps2_sllw0.2_snl2_cln4_time0.0.jpg,700,0,29.98693084716797,0.036982107907533646,29949.947265625,1.0,1000,1,0.001,0.6,adam,300,avg,2,,2,4
tubingen_composition7_w300_i800_lr1.0_alpha1_beta0.001_nr0.6_adam_avg_ps2_sllw0.2_snl2_cln4_time0.0.jpg,800,0,24.181501388549805,0.03751002997159958,24143.990234375,1.0,1000,1,0.001,0.6,adam,300,avg,2,,2,4
tubingen_composition7_w300_i900_lr1.0_alpha1_beta0.001_nr0.6_adam_avg_ps2_sllw0.2_snl2_cln4_time0.0.jpg,900,0,19.83293342590332,0.03800546005368233,19794.92578125,1.0,1000,1,0.001,0.6,adam,300,avg,2,,2,4
tubingen_composition7_w300_i1000_lr1.0_alpha1_beta0.001_nr0.6_adam_avg_ps2_sllw0.2_snl2_cln4_time0.1.jpg,1000,0.060735514163970945,19.83293342590332,0.03800546005368233,19794.92578125,1.0,1000,1,0.001,0.6,adam,300,avg,2,,2,4
tubingen_composition7_w300_i0_lr1.0_alpha1_beta1e-10_nr0.6_adam_avg_ps2_sllw0.2_snl2_cln4_time0.0.jpg,0,0,0.015969352796673775,0.011729899793863297,42394528.0,1.0,1000,1,1e-10,0.6,adam,300,avg,2,,2,4
tubingen_composition7_w300_i100_lr1.0_alpha1_beta1e-10_nr0.6_adam_avg_ps2_sllw0.2_snl2_cln4_time0.0.jpg,100,0,0.006698191165924072,0.002852423582226038,38457676.0,1.0,1000,1,1e-10,0.6,adam,300,avg,2,,2,4
tubingen_composition7_w300_i200_lr1.0_alpha1_beta1e-10_nr0.6_adam_avg_ps2_sllw0.2_snl2_cln4_time0.0.jpg,200,0,0.004873223137110472,0.0014397322665899992,34334908.0,1.0,1000,1,1e-10,0.6,adam,300,avg,2,,2,4
tubingen_composition7_w300_i300_lr1.0_alpha1_beta1e-10_nr0.6_adam_avg_ps2_sllw0.2_snl2_cln4_time0.0.jpg,300,0,0.003956064581871033,0.0008629154181107879,30931492.0,1.0,1000,1,1e-10,0.6,adam,300,avg,2,,2,4
tubingen_composition7_w300_i400_lr1.0_alpha1_beta1e-10_nr0.6_adam_avg_ps2_sllw0.2_snl2_cln4_time0.0.jpg,400,0,0.003378538880497217,0.0005826408741995692,27958982.0,1.0,1000,1,1e-10,0.6,adam,300,avg,2,,2,4
tubingen_composition7_w300_i500_lr1.0_alpha1_beta1e-10_nr0.6_adam_avg_ps2_sllw0.2_snl2_cln4_time0.0.jpg,500,0,0.0029668856877833605,0.00044352959957905114,25233560.0,1.0,1000,1,1e-10,0.6,adam,300,avg,2,,2,4
tubingen_composition7_w300_i600_lr1.0_alpha1_beta1e-10_nr0.6_adam_avg_ps2_sllw0.2_snl2_cln4_time0.0.jpg,600,0,0.0026508967857807875,0.00038351581315509975,22673808.0,1.0,1000,1,1e-10,0.6,adam,300,avg,2,,2,4
tubingen_composition7_w300_i700_lr1.0_alpha1_beta1e-10_nr0.6_adam_avg_ps2_sllw0.2_snl2_cln4_time0.0.jpg,700,0,0.002392766298726201,0.0003649887803476304,20277774.0,1.0,1000,1,1e-10,0.6,adam,300,avg,2,,2,4
tubingen_composition7_w300_i800_lr1.0_alpha1_beta1e-10_nr0.6_adam_avg_ps2_sllw0.2_snl2_cln4_time0.0.jpg,800,0,0.0021720712538808584,0.00036617633304558694,18058950.0,1.0,1000,1,1e-10,0.6,adam,300,avg,2,,2,4
tubingen_composition7_w300_i900_lr1.0_alpha1_beta1e-10_nr0.6_adam_avg_ps2_sllw0.2_snl2_cln4_time0.0.jpg,900,0,0.0019779158756136894,0.00037574226735159755,16021735.0,1.0,1000,1,1e-10,0.6,adam,300,avg,2,,2,4
tubingen_composition7_w300_i1000_lr1.0_alpha1_beta1e-10_nr0.6_adam_avg_ps2_sllw0.2_snl2_cln4_time0.1.jpg,1000,0.06066602849960327,0.0019779158756136894,0.00037574226735159755,16021735.0,1.0,1000,1,1e-10,0.6,adam,300,avg,2,,2,4
tubingen_composition7_w300_i0_lr1.0_alpha1_beta10000000000_nr0.6_adam_avg_ps2_sllw0.2_snl3_cln4_time0.0.jpg,0,0,7.479713720969462e+17,0.011998294852674007,74797136.0,1.0,1000,1,10000000000,0.6,adam,300,avg,2,,3,4
tubingen_composition7_w300_i100_lr1.0_alpha1_beta10000000000_nr0.6_adam_avg_ps2_sllw0.2_snl3_cln4_time0.0.jpg,100,0,1.5186469635227648e+16,0.03872102126479149,1518647.0,1.0,1000,1,10000000000,0.6,adam,300,avg,2,,3,4
tubingen_composition7_w300_i200_lr1.0_alpha1_beta10000000000_nr0.6_adam_avg_ps2_sllw0.2_snl3_cln4_time0.0.jpg,200,0,4727918253047808.0,0.042509227991104126,472791.8125,1.0,1000,1,10000000000,0.6,adam,300,avg,2,,3,4
tubingen_composition7_w300_i300_lr1.0_alpha1_beta10000000000_nr0.6_adam_avg_ps2_sllw0.2_snl3_cln4_time0.0.jpg,300,0,2619236144906240.0,0.04386959597468376,261923.625,1.0,1000,1,10000000000,0.6,adam,300,avg,2,,3,4
tubingen_composition7_w300_i400_lr1.0_alpha1_beta10000000000_nr0.6_adam_avg_ps2_sllw0.2_snl3_cln4_time0.0.jpg,400,0,1733397663711232.0,0.045002005994319916,173339.765625,1.0,1000,1,10000000000,0.6,adam,300,avg,2,,3,4
tubingen_composition7_w300_i500_lr1.0_alpha1_beta10000000000_nr0.6_adam_avg_ps2_sllw0.2_snl3_cln4_time0.0.jpg,500,0,1264270197129216.0,0.045888401567935944,126427.015625,1.0,1000,1,10000000000,0.6,adam,300,avg,2,,3,4
tubingen_composition7_w300_i600_lr1.0_alpha1_beta10000000000_nr0.6_adam_avg_ps2_sllw0.2_snl3_cln4_time0.0.jpg,600,0,986620291448832.0,0.04658465087413788,98662.03125,1.0,1000,1,10000000000,0.6,adam,300,avg,2,,3,4
tubingen_composition7_w300_i700_lr1.0_alpha1_beta10000000000_nr0.6_adam_avg_ps2_sllw0.2_snl3_cln4_time0.0.jpg,700,0,805996381339648.0,0.04716610535979271,80599.640625,1.0,1000,1,10000000000,0.6,adam,300,avg,2,,3,4
tubingen_composition7_w300_i800_lr1.0_alpha1_beta10000000000_nr0.6_adam_avg_ps2_sllw0.2_snl3_cln4_time0.0.jpg,800,0,679514090766336.0,0.04767101630568504,67951.40625,1.0,1000,1,10000000000,0.6,adam,300,avg,2,,3,4
tubingen_composition7_w300_i900_lr1.0_alpha1_beta10000000000_nr0.6_adam_avg_ps2_sllw0.2_snl3_cln4_time0.0.jpg,900,0,586122107289600.0,0.048097845166921616,58612.2109375,1.0,1000,1,10000000000,0.6,adam,300,avg,2,,3,4
tubingen_composition7_w300_i1000_lr1.0_alpha1_beta10000000000_nr0.6_adam_avg_ps2_sllw0.2_snl3_cln4_time0.1.jpg,1000,0.06297803020477295,586122107289600.0,0.048097845166921616,58612.2109375,1.0,1000,1,10000000000,0.6,adam,300,avg,2,,3,4
tubingen_composition7_w300_i0_lr1.0_alpha1_beta1000_nr0.6_adam_avg_ps2_sllw0.2_snl3_cln4_time0.0.jpg,0,0,74850050048.0,0.011920141987502575,74850048.0,1.0,1000,1,1000,0.6,adam,300,avg,2,,3,4
tubingen_composition7_w300_i100_lr1.0_alpha1_beta1000_nr0.6_adam_avg_ps2_sllw0.2_snl3_cln4_time0.0.jpg,100,0,1506280192.0,0.03848561272025108,1506280.25,1.0,1000,1,1000,0.6,adam,300,avg,2,,3,4
tubingen_composition7_w300_i200_lr1.0_alpha1_beta1000_nr0.6_adam_avg_ps2_sllw0.2_snl3_cln4_time0.0.jpg,200,0,474377376.0,0.04203593358397484,474377.375,1.0,1000,1,1000,0.6,adam,300,avg,2,,3,4
tubingen_composition7_w300_i300_lr1.0_alpha1_beta1000_nr0.6_adam_avg_ps2_sllw0.2_snl3_cln4_time0.0.jpg,300,0,262891872.0,0.043336980044841766,262891.875,1.0,1000,1,1000,0.6,adam,300,avg,2,,3,4
tubingen_composition7_w300_i400_lr1.0_alpha1_beta1000_nr0.6_adam_avg_ps2_sllw0.2_snl3_cln4_time0.0.jpg,400,0,172924272.0,0.04453229159116745,172924.265625,1.0,1000,1,1000,0.6,adam,300,avg,2,,3,4
tubingen_composition7_w300_i500_lr1.0_alpha1_beta1000_nr0.6_adam_avg_ps2_sllw0.2_snl3_cln4_time0.0.jpg,500,0,125392296.0,0.045546095818281174,125392.296875,1.0,1000,1,1000,0.6,adam,300,avg,2,,3,4
tubingen_composition7_w300_i600_lr1.0_alpha1_beta1000_nr0.6_adam_avg_ps2_sllw0.2_snl3_cln4_time0.0.jpg,600,0,97585888.0,0.046352289617061615,97585.890625,1.0,1000,1,1000,0.6,adam,300,avg,2,,3,4
tubingen_composition7_w300_i700_lr1.0_alpha1_beta1000_nr0.6_adam_avg_ps2_sllw0.2_snl3_cln4_time0.0.jpg,700,0,79782144.0,0.046997297555208206,79782.140625,1.0,1000,1,1000,0.6,adam,300,avg,2,,3,4
tubingen_composition7_w300_i800_lr1.0_alpha1_beta1000_nr0.6_adam_avg_ps2_sllw0.2_snl3_cln4_time0.0.jpg,800,0,67399144.0,0.04750359430909157,67399.140625,1.0,1000,1,1000,0.6,adam,300,avg,2,,3,4
tubingen_composition7_w300_i900_lr1.0_alpha1_beta1000_nr0.6_adam_avg_ps2_sllw0.2_snl3_cln4_time0.0.jpg,900,0,58161668.0,0.04793565720319748,58161.66796875,1.0,1000,1,1000,0.6,adam,300,avg,2,,3,4
tubingen_composition7_w300_i1000_lr1.0_alpha1_beta1000_nr0.6_adam_avg_ps2_sllw0.2_snl3_cln4_time0.1.jpg,1000,0.06302583146095275,58161668.0,0.04793565720319748,58161.66796875,1.0,1000,1,1000,0.6,adam,300,avg,2,,3,4
tubingen_composition7_w300_i0_lr1.0_alpha1_beta0.001_nr0.6_adam_avg_ps2_sllw0.2_snl3_cln4_time0.0.jpg,0,0,74818.75,0.012002539820969105,74818728.0,1.0,1000,1,0.001,0.6,adam,300,avg,2,,3,4
tubingen_composition7_w300_i100_lr1.0_alpha1_beta0.001_nr0.6_adam_avg_ps2_sllw0.2_snl3_cln4_time0.0.jpg,100,0,1534.86083984375,0.03800145536661148,1534822.75,1.0,1000,1,0.001,0.6,adam,300,avg,2,,3,4
tubingen_composition7_w300_i200_lr1.0_alpha1_beta0.001_nr0.6_adam_avg_ps2_sllw0.2_snl3_cln4_time0.0.jpg,200,0,476.89752197265625,0.04153025522828102,476855.96875,1.0,1000,1,0.001,0.6,adam,300,avg,2,,3,4
tubingen_composition7_w300_i300_lr1.0_alpha1_beta0.001_nr0.6_adam_avg_ps2_sllw0.2_snl3_cln4_time0.0.jpg,300,0,266.63336181640625,0.042857613414525986,266590.5,1.0,1000,1,0.001,0.6,adam,300,avg,2,,3,4
tubingen_composition7_w300_i400_lr1.0_alpha1_beta0.001_nr0.6_adam_avg_ps2_sllw0.2_snl3_cln4_time0.0.jpg,400,0,177.0224151611328,0.0440516360104084,176978.359375,1.0,1000,1,0.001,0.6,adam,300,avg,2,,3,4
tubingen_composition7_w300_i500_lr1.0_alpha1_beta0.001_nr0.6_adam_avg_ps2_sllw0.2_snl3_cln4_time0.0.jpg,500,0,128.76986694335938,0.04514719918370247,128724.703125,1.0,1000,1,0.001,0.6,adam,300,avg,2,,3,4
tubingen_composition7_w300_i600_lr1.0_alpha1_beta0.001_nr0.6_adam_avg_ps2_sllw0.2_snl3_cln4_time0.0.jpg,600,0,99.94280242919922,0.046048734337091446,99896.75,1.0,1000,1,0.001,0.6,adam,300,avg,2,,3,4
tubingen_composition7_w300_i700_lr1.0_alpha1_beta0.001_nr0.6_adam_avg_ps2_sllw0.2_snl3_cln4_time0.0.jpg,700,0,81.39957427978516,0.04677215591073036,81352.796875,1.0,1000,1,0.001,0.6,adam,300,avg,2,,3,4
tubingen_composition7_w300_i800_lr1.0_alpha1_beta0.001_nr0.6_adam_avg_ps2_sllw0.2_snl3_cln4_time0.0.jpg,800,0,68.4944076538086,0.0473562590777874,68447.046875,1.0,1000,1,0.001,0.6,adam,300,avg,2,,3,4
tubingen_composition7_w300_i900_lr1.0_alpha1_beta0.001_nr0.6_adam_avg_ps2_sllw0.2_snl3_cln4_time0.0.jpg,900,0,58.973941802978516,0.04783988744020462,58926.09765625,1.0,1000,1,0.001,0.6,adam,300,avg,2,,3,4
tubingen_composition7_w300_i1000_lr1.0_alpha1_beta0.001_nr0.6_adam_avg_ps2_sllw0.2_snl3_cln4_time0.1.jpg,1000,0.06307127666473389,58.973941802978516,0.04783988744020462,58926.09765625,1.0,1000,1,0.001,0.6,adam,300,avg,2,,3,4
tubingen_composition7_w300_i0_lr1.0_alpha1_beta1e-10_nr0.6_adam_avg_ps2_sllw0.2_snl3_cln4_time0.0.jpg,0,0,0.019285360351204872,0.011702724732458591,75826352.0,1.0,1000,1,1e-10,0.6,adam,300,avg,2,,3,4
tubingen_composition7_w300_i100_lr1.0_alpha1_beta1e-10_nr0.6_adam_avg_ps2_sllw0.2_snl3_cln4_time0.0.jpg,100,0,0.009618846699595451,0.002810245845466852,68086008.0,1.0,1000,1,1e-10,0.6,adam,300,avg,2,,3,4
tubingen_composition7_w300_i200_lr1.0_alpha1_beta1e-10_nr0.6_adam_avg_ps2_sllw0.2_snl3_cln4_time0.0.jpg,200,0,0.0074878716841340065,0.0014837724156677723,60040992.0,1.0,1000,1,1e-10,0.6,adam,300,avg,2,,3,4
tubingen_composition7_w300_i300_lr1.0_alpha1_beta1e-10_nr0.6_adam_avg_ps2_sllw0.2_snl3_cln4_time0.0.jpg,300,0,0.006347461603581905,0.0010332455858588219,53142160.0,1.0,1000,1,1e-10,0.6,adam,300,avg,2,,3,4
tubingen_composition7_w300_i400_lr1.0_alpha1_beta1e-10_nr0.6_adam_avg_ps2_sllw0.2_snl3_cln4_time0.0.jpg,400,0,0.005581974983215332,0.0008840298978611827,46979448.0,1.0,1000,1,1e-10,0.6,adam,300,avg,2,,3,4
tubingen_composition7_w300_i500_lr1.0_alpha1_beta1e-10_nr0.6_adam_avg_ps2_sllw0.2_snl3_cln4_time0.0.jpg,500,0,0.005008063744753599,0.000870449875947088,41376136.0,1.0,1000,1,1e-10,0.6,adam,300,avg,2,,3,4
tubingen_composition7_w300_i600_lr1.0_alpha1_beta1e-10_nr0.6_adam_avg_ps2_sllw0.2_snl3_cln4_time0.0.jpg,600,0,0.004552434664219618,0.000909962400328368,36424724.0,1.0,1000,1,1e-10,0.6,adam,300,avg,2,,3,4
tubingen_composition7_w300_i700_lr1.0_alpha1_beta1e-10_nr0.6_adam_avg_ps2_sllw0.2_snl3_cln4_time0.0.jpg,700,0,0.004179384093731642,0.0009665378602221608,32128462.0,1.0,1000,1,1e-10,0.6,adam,300,avg,2,,3,4
tubingen_composition7_w300_i800_lr1.0_alpha1_beta1e-10_nr0.6_adam_avg_ps2_sllw0.2_snl3_cln4_time0.0.jpg,800,0,0.0038712527602910995,0.0010210558539256454,28501968.0,1.0,1000,1,1e-10,0.6,adam,300,avg,2,,3,4
tubingen_composition7_w300_i900_lr1.0_alpha1_beta1e-10_nr0.6_adam_avg_ps2_sllw0.2_snl3_cln4_time0.0.jpg,900,0,0.003618295071646571,0.0010662195272743702,25520756.0,1.0,1000,1,1e-10,0.6,adam,300,avg,2,,3,4
tubingen_composition7_w300_i1000_lr1.0_alpha1_beta1e-10_nr0.6_adam_avg_ps2_sllw0.2_snl3_cln4_time0.1.jpg,1000,0.06311402988433838,0.003618295071646571,0.0010662195272743702,25520756.0,1.0,1000,1,1e-10,0.6,adam,300,avg,2,,3,4
tubingen_composition7_w300_i0_lr1.0_alpha1_beta10000000000_nr0.6_adam_avg_ps2_sllw0.2_snl4_cln4_time0.0.jpg,0,0,8.198171452197831e+18,0.011549828574061394,819817152.0,1.0,1000,1,10000000000,0.6,adam,300,avg,2,,4,4
tubingen_composition7_w300_i100_lr1.0_alpha1_beta10000000000_nr0.6_adam_avg_ps2_sllw0.2_snl4_cln4_time0.0.jpg,100,0,1.817797663391744e+17,0.049847353249788284,18177976.0,1.0,1000,1,10000000000,0.6,adam,300,avg,2,,4,4
tubingen_composition7_w300_i200_lr1.0_alpha1_beta10000000000_nr0.6_adam_avg_ps2_sllw0.2_snl4_cln4_time0.0.jpg,200,0,8.050127640356454e+16,0.05227954313158989,8050128.0,1.0,1000,1,10000000000,0.6,adam,300,avg,2,,4,4
tubingen_composition7_w300_i300_lr1.0_alpha1_beta10000000000_nr0.6_adam_avg_ps2_sllw0.2_snl4_cln4_time0.0.jpg,300,0,4.848348062285824e+16,0.05324023589491844,4848348.0,1.0,1000,1,10000000000,0.6,adam,300,avg,2,,4,4
tubingen_composition7_w300_i400_lr1.0_alpha1_beta10000000000_nr0.6_adam_avg_ps2_sllw0.2_snl4_cln4_time0.0.jpg,400,0,3.462701418283008e+16,0.05394520238041878,3462701.5,1.0,1000,1,10000000000,0.6,adam,300,avg,2,,4,4
tubingen_composition7_w300_i500_lr1.0_alpha1_beta10000000000_nr0.6_adam_avg_ps2_sllw0.2_snl4_cln4_time0.0.jpg,500,0,2.7055989714845696e+16,0.05452704057097435,2705599.0,1.0,1000,1,10000000000,0.6,adam,300,avg,2,,4,4
tubingen_composition7_w300_i600_lr1.0_alpha1_beta10000000000_nr0.6_adam_avg_ps2_sllw0.2_snl4_cln4_time0.0.jpg,600,0,2.230207080352973e+16,0.05504484847187996,2230207.0,1.0,1000,1,10000000000,0.6,adam,300,avg,2,,4,4
tubingen_composition7_w300_i700_lr1.0_alpha1_beta10000000000_nr0.6_adam_avg_ps2_sllw0.2_snl4_cln4_time0.0.jpg,700,0,1.9005816547835904e+16,0.05551238730549812,1900581.75,1.0,1000,1,10000000000,0.6,adam,300,avg,2,,4,4
tubingen_composition7_w300_i800_lr1.0_alpha1_beta10000000000_nr0.6_adam_avg_ps2_sllw0.2_snl4_cln4_time0.0.jpg,800,0,1.6575601645191168e+16,0.05590033531188965,1657560.125,1.0,1000,1,10000000000,0.6,adam,300,avg,2,,4,4
tubingen_composition7_w300_i900_lr1.0_alpha1_beta10000000000_nr0.6_adam_avg_ps2_sllw0.2_snl4_cln4_time0.0.jpg,900,0,1.4716730135805952e+16,0.056229595094919205,1471673.0,1.0,1000,1,10000000000,0.6,adam,300,avg,2,,4,4
tubingen_composition7_w300_i1000_lr1.0_alpha1_beta10000000000_nr0.6_adam_avg_ps2_sllw0.2_snl4_cln4_time0.1.jpg,1000,0.06477320051193237,1.4716730135805952e+16,0.056229595094919205,1471673.0,1.0,1000,1,10000000000,0.6,adam,300,avg,2,,4,4
tubingen_composition7_w300_i0_lr1.0_alpha1_beta1000_nr0.6_adam_avg_ps2_sllw0.2_snl4_cln4_time0.0.jpg,0,0,819862700032.0,0.01161267701536417,819862720.0,1.0,1000,1,1000,0.6,adam,300,avg,2,,4,4
tubingen_composition7_w300_i100_lr1.0_alpha1_beta1000_nr0.6_adam_avg_ps2_sllw0.2_snl4_cln4_time0.0.jpg,100,0,17917366272.0,0.049697767943143845,17917366.0,1.0,1000,1,1000,0.6,adam,300,avg,2,,4,4
tubingen_composition7_w300_i200_lr1.0_alpha1_beta1000_nr0.6_adam_avg_ps2_sllw0.2_snl4_cln4_time0.0.jpg,200,0,7666449408.0,0.052127860486507416,7666449.5,1.0,1000,1,1000,0.6,adam,300,avg,2,,4,4
tubingen_composition7_w300_i300_lr1.0_alpha1_beta1000_nr0.6_adam_avg_ps2_sllw0.2_snl4_cln4_time0.0.jpg,300,0,4604504064.0,0.05323321744799614,4604504.0,1.0,1000,1,1000,0.6,adam,300,avg,2,,4,4
tubingen_composition7_w300_i400_lr1.0_alpha1_beta1000_nr0.6_adam_avg_ps2_sllw0.2_snl4_cln4_time0.0.jpg,400,0,3305238528.0,0.05405613034963608,3305238.5,1.0,1000,1,1000,0.6,adam,300,avg,2,,4,4
tubingen_composition7_w300_i500_lr1.0_alpha1_beta1000_nr0.6_adam_avg_ps2_sllw0.2_snl4_cln4_time0.0.jpg,500,0,2614224896.0,0.05470488220453262,2614225.0,1.0,1000,1,1000,0.6,adam,300,avg,2,,4,4
tubingen_composition7_w300_i600_lr1.0_alpha1_beta1000_nr0.6_adam_avg_ps2_sllw0.2_snl4_cln4_time0.0.jpg,600,0,2172074496.0,0.05526448041200638,2172074.5,1.0,1000,1,1000,0.6,adam,300,avg,2,,4,4
tubingen_composition7_w300_i700_lr1.0_alpha1_beta1000_nr0.6_adam_avg_ps2_sllw0.2_snl4_cln4_time0.0.jpg,700,0,1858163456.0,0.055782828480005264,1858163.5,1.0,1000,1,1000,0.6,adam,300,avg,2,,4,4
tubingen_composition7_w300_i800_lr1.0_alpha1_beta1000_nr0.6_adam_avg_ps2_sllw0.2_snl4_cln4_time0.0.jpg,800,0,1621662720.0,0.05623140558600426,1621662.75,1.0,1000,1,1000,0.6,adam,300,avg,2,,4,4
tubingen_composition7_w300_i900_lr1.0_alpha1_beta1000_nr0.6_adam_avg_ps2_sllw0.2_snl4_cln4_time0.0.jpg,900,0,1437444480.0,0.056602537631988525,1437444.5,1.0,1000,1,1000,0.6,adam,300,avg,2,,4,4
tubingen_composition7_w300_i1000_lr1.0_alpha1_beta1000_nr0.6_adam_avg_ps2_sllw0.2_snl4_cln4_time0.1.jpg,1000,0.06477465462684631,1437444480.0,0.056602537631988525,1437444.5,1.0,1000,1,1000,0.6,adam,300,avg,2,,4,4
tubingen_composition7_w300_i0_lr1.0_alpha1_beta0.001_nr0.6_adam_avg_ps2_sllw0.2_snl4_cln4_time0.0.jpg,0,0,819933.9375,0.011576888151466846,819933888.0,1.0,1000,1,0.001,0.6,adam,300,avg,2,,4,4
tubingen_composition7_w300_i100_lr1.0_alpha1_beta0.001_nr0.6_adam_avg_ps2_sllw0.2_snl4_cln4_time0.0.jpg,100,0,18485.470703125,0.05004477500915527,18485420.0,1.0,1000,1,0.001,0.6,adam,300,avg,2,,4,4
tubingen_composition7_w300_i200_lr1.0_alpha1_beta0.001_nr0.6_adam_avg_ps2_sllw0.2_snl4_cln4_time0.0.jpg,200,0,8008.8330078125,0.05257117748260498,8008780.0,1.0,1000,1,0.001,0.6,adam,300,avg,2,,4,4
tubingen_composition7_w300_i300_lr1.0_alpha1_beta0.001_nr0.6_adam_avg_ps2_sllw0.2_snl4_cln4_time0.0.jpg,300,0,4718.8388671875,0.053830377757549286,4718785.0,1.0,1000,1,0.001,0.6,adam,300,avg,2,,4,4
tubingen_composition7_w300_i400_lr1.0_alpha1_beta0.001_nr0.6_adam_avg_ps2_sllw0.2_snl4_cln4_time0.0.jpg,400,0,3373.747314453125,0.05465378984808922,3373692.5,1.0,1000,1,0.001,0.6,adam,300,avg,2,,4,4
tubingen_composition7_w300_i500_lr1.0_alpha1_beta0.001_nr0.6_adam_avg_ps2_sllw0.2_snl4_cln4_time0.0.jpg,500,0,2638.79443359375,0.05525011941790581,2638739.25,1.0,1000,1,0.001,0.6,adam,300,avg,2,,4,4
tubingen_composition7_w300_i600_lr1.0_alpha1_beta0.001_nr0.6_adam_avg_ps2_sllw0.2_snl4_cln4_time0.0.jpg,600,0,2175.996337890625,0.05573275685310364,2175940.5,1.0,1000,1,0.001,0.6,adam,300,avg,2,,4,4
tubingen_composition7_w300_i700_lr1.0_alpha1_beta0.001_nr0.6_adam_avg_ps2_sllw0.2_snl4_cln4_time0.0.jpg,700,0,1856.342529296875,0.05613287165760994,1856286.25,1.0,1000,1,0.001,0.6,adam,300,avg,2,,4,4
tubingen_composition7_w300_i800_lr1.0_alpha1_beta0.001_nr0.6_adam_avg_ps2_sllw0.2_snl4_cln4_time0.0.jpg,800,0,1619.479736328125,0.05645204707980156,1619423.25,1.0,1000,1,0.001,0.6,adam,300,avg,2,,4,4
tubingen_composition7_w300_i900_lr1.0_alpha1_beta0.001_nr0.6_adam_avg_ps2_sllw0.2_snl4_cln4_time0.0.jpg,900,0,1437.6754150390625,0.056692320853471756,1437618.75,1.0,1000,1,0.001,0.6,adam,300,avg,2,,4,4
tubingen_composition7_w300_i1000_lr1.0_alpha1_beta0.001_nr0.6_adam_avg_ps2_sllw0.2_snl4_cln4_time0.1.jpg,1000,0.06496279835700988,1437.6754150390625,0.056692320853471756,1437618.75,1.0,1000,1,0.001,0.6,adam,300,avg,2,,4,4
tubingen_composition7_w300_i0_lr1.0_alpha1_beta1e-10_nr0.6_adam_avg_ps2_sllw0.2_snl4_cln4_time0.0.jpg,0,0,0.0959923043847084,0.011648476123809814,843438272.0,1.0,1000,1,1e-10,0.6,adam,300,avg,2,,4,4
tubingen_composition7_w300_i100_lr1.0_alpha1_beta1e-10_nr0.6_adam_avg_ps2_sllw0.2_snl4_cln4_time0.0.jpg,100,0,0.035720065236091614,0.015704456716775894,200156096.0,1.0,1000,1,1e-10,0.6,adam,300,avg,2,,4,4
tubingen_composition7_w300_i200_lr1.0_alpha1_beta1e-10_nr0.6_adam_avg_ps2_sllw0.2_snl4_cln4_time0.0.jpg,200,0,0.02673293650150299,0.016995102167129517,97378352.0,1.0,1000,1,1e-10,0.6,adam,300,avg,2,,4,4
tubingen_composition7_w300_i300_lr1.0_alpha1_beta1e-10_nr0.6_adam_avg_ps2_sllw0.2_snl4_cln4_time0.0.jpg,300,0,0.02398451790213585,0.016305219382047653,76792992.0,1.0,1000,1,1e-10,0.6,adam,300,avg,2,,4,4
tubingen_composition7_w300_i400_lr1.0_alpha1_beta1e-10_nr0.6_adam_avg_ps2_sllw0.2_snl4_cln4_time0.0.jpg,400,0,0.022511698305606842,0.015708398073911667,68033008.0,1.0,1000,1,1e-10,0.6,adam,300,avg,2,,4,4
tubingen_composition7_w300_i500_lr1.0_alpha1_beta1e-10_nr0.6_adam_avg_ps2_sllw0.2_snl4_cln4_time0.0.jpg,500,0,0.02157650515437126,0.015259956941008568,63165476.0,1.0,1000,1,1e-10,0.6,adam,300,avg,2,,4,4
tubingen_composition7_w300_i600_lr1.0_alpha1_beta1e-10_nr0.6_adam_avg_ps2_sllw0.2_snl4_cln4_time0.0.jpg,600,0,0.020931284874677658,0.014911974780261517,60193092.0,1.0,1000,1,1e-10,0.6,adam,300,avg,2,,4,4
tubingen_composition7_w300_i700_lr1.0_alpha1_beta1e-10_nr0.6_adam_avg_ps2_sllw0.2_snl4_cln4_time0.0.jpg,700,0,0.02046651765704155,0.01463502086699009,58314968.0,1.0,1000,1,1e-10,0.6,adam,300,avg,2,,4,4
tubingen_composition7_w300_i800_lr1.0_alpha1_beta1e-10_nr0.6_adam_avg_ps2_sllw0.2_snl4_cln4_time0.0.jpg,800,0,0.02011064812541008,0.014395379461348057,57152696.0,1.0,1000,1,1e-10,0.6,adam,300,avg,2,,4,4
tubingen_composition7_w300_i900_lr1.0_alpha1_beta1e-10_nr0.6_adam_avg_ps2_sllw0.2_snl4_cln4_time0.0.jpg,900,0,0.019835691899061203,0.01420246809720993,56332232.0,1.0,1000,1,1e-10,0.6,adam,300,avg,2,,4,4
tubingen_composition7_w300_i1000_lr1.0_alpha1_beta1e-10_nr0.6_adam_avg_ps2_sllw0.2_snl4_cln4_time0.1.jpg,1000,0.06491875314712524,0.019835691899061203,0.01420246809720993,56332232.0,1.0,1000,1,1e-10,0.6,adam,300,avg,2,,4,4
tubingen_composition7_w300_i0_lr1.0_alpha1_beta10000000000_nr0.6_adam_avg_ps2_sllw0.2_snl5_cln4_time0.0.jpg,0,0,8.201200606732354e+18,0.01164122112095356,820120064.0,1.0,1000,1,10000000000,0.6,adam,300,avg,2,,5,4
tubingen_composition7_w300_i100_lr1.0_alpha1_beta10000000000_nr0.6_adam_avg_ps2_sllw0.2_snl5_cln4_time0.0.jpg,100,0,1.833068333713326e+17,0.04967411607503891,18330684.0,1.0,1000,1,10000000000,0.6,adam,300,avg,2,,5,4
tubingen_composition7_w300_i200_lr1.0_alpha1_beta10000000000_nr0.6_adam_avg_ps2_sllw0.2_snl5_cln4_time0.0.jpg,200,0,7.976015402683597e+16,0.052466101944446564,7976015.0,1.0,1000,1,10000000000,0.6,adam,300,avg,2,,5,4
tubingen_composition7_w300_i300_lr1.0_alpha1_beta10000000000_nr0.6_adam_avg_ps2_sllw0.2_snl5_cln4_time0.0.jpg,300,0,4.700488659160269e+16,0.05364294722676277,4700488.5,1.0,1000,1,10000000000,0.6,adam,300,avg,2,,5,4
tubingen_composition7_w300_i400_lr1.0_alpha1_beta10000000000_nr0.6_adam_avg_ps2_sllw0.2_snl5_cln4_time0.0.jpg,400,0,3.3301205023195136e+16,0.05445737764239311,3330120.5,1.0,1000,1,10000000000,0.6,adam,300,avg,2,,5,4
tubingen_composition7_w300_i500_lr1.0_alpha1_beta10000000000_nr0.6_adam_avg_ps2_sllw0.2_snl5_cln4_time0.0.jpg,500,0,2.596855553510605e+16,0.055087026208639145,2596855.5,1.0,1000,1,10000000000,0.6,adam,300,avg,2,,5,4
tubingen_composition7_w300_i600_lr1.0_alpha1_beta10000000000_nr0.6_adam_avg_ps2_sllw0.2_snl5_cln4_time0.0.jpg,600,0,2.13721330745344e+16,0.05559098348021507,2137213.25,1.0,1000,1,10000000000,0.6,adam,300,avg,2,,5,4
tubingen_composition7_w300_i700_lr1.0_alpha1_beta10000000000_nr0.6_adam_avg_ps2_sllw0.2_snl5_cln4_time0.0.jpg,700,0,1.8143921838227456e+16,0.056046098470687866,1814392.25,1.0,1000,1,10000000000,0.6,adam,300,avg,2,,5,4
tubingen_composition7_w300_i800_lr1.0_alpha1_beta10000000000_nr0.6_adam_avg_ps2_sllw0.2_snl5_cln4_time0.0.jpg,800,0,1.5777517264699392e+16,0.05645821616053581,1577751.75,1.0,1000,1,10000000000,0.6,adam,300,avg,2,,5,4
tubingen_composition7_w300_i900_lr1.0_alpha1_beta10000000000_nr0.6_adam_avg_ps2_sllw0.2_snl5_cln4_time0.0.jpg,900,0,1.3959813016846336e+16,0.056812576949596405,1395981.25,1.0,1000,1,10000000000,0.6,adam,300,avg,2,,5,4
tubingen_composition7_w300_i1000_lr1.0_alpha1_beta10000000000_nr0.6_adam_avg_ps2_sllw0.2_snl5_cln4_time0.1.jpg,1000,0.08363964557647705,1.3959813016846336e+16,0.056812576949596405,1395981.25,1.0,1000,1,10000000000,0.6,adam,300,avg,2,,5,4
tubingen_composition7_w300_i0_lr1.0_alpha1_beta1000_nr0.6_adam_avg_ps2_sllw0.2_snl5_cln4_time0.0.jpg,0,0,820608892928.0,0.011538448743522167,820608896.0,1.0,1000,1,1000,0.6,adam,300,avg,2,,5,4
tubingen_composition7_w300_i100_lr1.0_alpha1_beta1000_nr0.6_adam_avg_ps2_sllw0.2_snl5_cln4_time0.0.jpg,100,0,18579615744.0,0.04969222471117973,18579616.0,1.0,1000,1,1000,0.6,adam,300,avg,2,,5,4
tubingen_composition7_w300_i200_lr1.0_alpha1_beta1000_nr0.6_adam_avg_ps2_sllw0.2_snl5_cln4_time0.0.jpg,200,0,7936171008.0,0.05206277221441269,7936171.0,1.0,1000,1,1000,0.6,adam,300,avg,2,,5,4
tubingen_composition7_w300_i300_lr1.0_alpha1_beta1000_nr0.6_adam_avg_ps2_sllw0.2_snl5_cln4_time0.0.jpg,300,0,4688802304.0,0.05318154767155647,4688802.5,1.0,1000,1,1000,0.6,adam,300,avg,2,,5,4
tubingen_composition7_w300_i400_lr1.0_alpha1_beta1000_nr0.6_adam_avg_ps2_sllw0.2_snl5_cln4_time0.0.jpg,400,0,3331839744.0,0.05399799346923828,3331839.75,1.0,1000,1,1000,0.6,adam,300,avg,2,,5,4
tubingen_composition7_w300_i500_lr1.0_alpha1_beta1000_nr0.6_adam_avg_ps2_sllw0.2_snl5_cln4_time0.0.jpg,500,0,2604972288.0,0.05456482246518135,2604972.25,1.0,1000,1,1000,0.6,adam,300,avg,2,,5,4
tubingen_composition7_w300_i600_lr1.0_alpha1_beta1000_nr0.6_adam_avg_ps2_sllw0.2_snl5_cln4_time0.0.jpg,600,0,2150774528.0,0.055026791989803314,2150774.5,1.0,1000,1,1000,0.6,adam,300,avg,2,,5,4
tubingen_composition7_w300_i700_lr1.0_alpha1_beta1000_nr0.6_adam_avg_ps2_sllw0.2_snl5_cln4_time0.0.jpg,700,0,1835266432.0,0.055424291640520096,1835266.375,1.0,1000,1,1000,0.6,adam,300,avg,2,,5,4
tubingen_composition7_w300_i800_lr1.0_alpha1_beta1000_nr0.6_adam_avg_ps2_sllw0.2_snl5_cln4_time0.0.jpg,800,0,1602431360.0,0.05578766018152237,1602431.375,1.0,1000,1,1000,0.6,adam,300,avg,2,,5,4
tubingen_composition7_w300_i900_lr1.0_alpha1_beta1000_nr0.6_adam_avg_ps2_sllw0.2_snl5_cln4_time0.0.jpg,900,0,1424447744.0,0.05612272396683693,1424447.75,1.0,1000,1,1000,0.6,adam,300,avg,2,,5,4
tubingen_composition7_w300_i1000_lr1.0_alpha1_beta1000_nr0.6_adam_avg_ps2_sllw0.2_snl5_cln4_time0.1.jpg,1000,0.0837207567691803,1424447744.0,0.05612272396683693,1424447.75,1.0,1000,1,1000,0.6,adam,300,avg,2,,5,4
tubingen_composition7_w300_i0_lr1.0_alpha1_beta0.001_nr0.6_adam_avg_ps2_sllw0.2_snl5_cln4_time0.0.jpg,0,0,819748.375,0.01151645090430975,819748352.0,1.0,1000,1,0.001,0.6,adam,300,avg,2,,5,4
tubingen_composition7_w300_i100_lr1.0_alpha1_beta0.001_nr0.6_adam_avg_ps2_sllw0.2_snl5_cln4_time0.0.jpg,100,0,18896.25390625,0.04943723604083061,18896204.0,1.0,1000,1,0.001,0.6,adam,300,avg,2,,5,4
tubingen_composition7_w300_i200_lr1.0_alpha1_beta0.001_nr0.6_adam_avg_ps2_sllw0.2_snl5_cln4_time0.0.jpg,200,0,7883.0478515625,0.05214736610651016,7882995.0,1.0,1000,1,0.001,0.6,adam,300,avg,2,,5,4
tubingen_composition7_w300_i300_lr1.0_alpha1_beta0.001_nr0.6_adam_avg_ps2_sllw0.2_snl5_cln4_time0.0.jpg,300,0,4695.5322265625,0.05328625813126564,4695479.0,1.0,1000,1,0.001,0.6,adam,300,avg,2,,5,4
tubingen_composition7_w300_i400_lr1.0_alpha1_beta0.001_nr0.6_adam_avg_ps2_sllw0.2_snl5_cln4_time0.0.jpg,400,0,3354.673828125,0.05401042476296425,3354619.75,1.0,1000,1,0.001,0.6,adam,300,avg,2,,5,4
tubingen_composition7_w300_i500_lr1.0_alpha1_beta0.001_nr0.6_adam_avg_ps2_sllw0.2_snl5_cln4_time0.0.jpg,500,0,2631.65234375,0.05460086092352867,2631597.5,1.0,1000,1,0.001,0.6,adam,300,avg,2,,5,4
tubingen_composition7_w300_i600_lr1.0_alpha1_beta0.001_nr0.6_adam_avg_ps2_sllw0.2_snl5_cln4_time0.0.jpg,600,0,2173.23291015625,0.0550822988152504,2173177.75,1.0,1000,1,0.001,0.6,adam,300,avg,2,,5,4
tubingen_composition7_w300_i700_lr1.0_alpha1_beta0.001_nr0.6_adam_avg_ps2_sllw0.2_snl5_cln4_time0.0.jpg,700,0,1852.3363037109375,0.05548291280865669,1852280.625,1.0,1000,1,0.001,0.6,adam,300,avg,2,,5,4
tubingen_composition7_w300_i800_lr1.0_alpha1_beta0.001_nr0.6_adam_avg_ps2_sllw0.2_snl5_cln4_time0.0.jpg,800,0,1613.5072021484375,0.05584574490785599,1613451.375,1.0,1000,1,0.001,0.6,adam,300,avg,2,,5,4
tubingen_composition7_w300_i900_lr1.0_alpha1_beta0.001_nr0.6_adam_avg_ps2_sllw0.2_snl5_cln4_time0.0.jpg,900,0,1429.8612060546875,0.056174106895923615,1429805.0,1.0,1000,1,0.001,0.6,adam,300,avg,2,,5,4
tubingen_composition7_w300_i1000_lr1.0_alpha1_beta0.001_nr0.6_adam_avg_ps2_sllw0.2_snl5_cln4_time0.1.jpg,1000,0.08365366339683533,1429.8612060546875,0.056174106895923615,1429805.0,1.0,1000,1,0.001,0.6,adam,300,avg,2,,5,4
tubingen_composition7_w300_i0_lr1.0_alpha1_beta1e-10_nr0.6_adam_avg_ps2_sllw0.2_snl5_cln4_time0.0.jpg,0,0,0.09592866897583008,0.011588666588068008,843400000.0,1.0,1000,1,1e-10,0.6,adam,300,avg,2,,5,4
tubingen_composition7_w300_i100_lr1.0_alpha1_beta1e-10_nr0.6_adam_avg_ps2_sllw0.2_snl5_cln4_time0.0.jpg,100,0,0.03562767803668976,0.015856774523854256,197709008.0,1.0,1000,1,1e-10,0.6,adam,300,avg,2,,5,4
tubingen_composition7_w300_i200_lr1.0_alpha1_beta1e-10_nr0.6_adam_avg_ps2_sllw0.2_snl5_cln4_time0.0.jpg,200,0,0.026743672788143158,0.016954274848103523,97893968.0,1.0,1000,1,1e-10,0.6,adam,300,avg,2,,5,4
tubingen_composition7_w300_i300_lr1.0_alpha1_beta1e-10_nr0.6_adam_avg_ps2_sllw0.2_snl5_cln4_time0.0.jpg,300,0,0.024028373882174492,0.016271987929940224,77563864.0,1.0,1000,1,1e-10,0.6,adam,300,avg,2,,5,4
tubingen_composition7_w300_i400_lr1.0_alpha1_beta1e-10_nr0.6_adam_avg_ps2_sllw0.2_snl5_cln4_time0.0.jpg,400,0,0.02255118452012539,0.015710247680544853,68409368.0,1.0,1000,1,1e-10,0.6,adam,300,avg,2,,5,4
tubingen_composition7_w300_i500_lr1.0_alpha1_beta1e-10_nr0.6_adam_avg_ps2_sllw0.2_snl5_cln4_time0.0.jpg,500,0,0.02160590887069702,0.015270779840648174,63351280.0,1.0,1000,1,1e-10,0.6,adam,300,avg,2,,5,4
tubingen_composition7_w300_i600_lr1.0_alpha1_beta1e-10_nr0.6_adam_avg_ps2_sllw0.2_snl5_cln4_time0.0.jpg,600,0,0.020957525819540024,0.014915721490979195,60418032.0,1.0,1000,1,1e-10,0.6,adam,300,avg,2,,5,4
tubingen_composition7_w300_i700_lr1.0_alpha1_beta1e-10_nr0.6_adam_avg_ps2_sllw0.2_snl5_cln4_time0.0.jpg,700,0,0.020482081919908524,0.014620491303503513,58615908.0,1.0,1000,1,1e-10,0.6,adam,300,avg,2,,5,4
tubingen_composition7_w300_i800_lr1.0_alpha1_beta1e-10_nr0.6_adam_avg_ps2_sllw0.2_snl5_cln4_time0.0.jpg,800,0,0.020126234740018845,0.014388260431587696,57379744.0,1.0,1000,1,1e-10,0.6,adam,300,avg,2,,5,4
tubingen_composition7_w300_i900_lr1.0_alpha1_beta1e-10_nr0.6_adam_avg_ps2_sllw0.2_snl5_cln4_time0.0.jpg,900,0,0.01984895020723343,0.014197020791471004,56519288.0,1.0,1000,1,1e-10,0.6,adam,300,avg,2,,5,4
tubingen_composition7_w300_i1000_lr1.0_alpha1_beta1e-10_nr0.6_adam_avg_ps2_sllw0.2_snl5_cln4_time0.1.jpg,1000,0.08359108567237854,0.01984895020723343,0.014197020791471004,56519288.0,1.0,1000,1,1e-10,0.6,adam,300,avg,2,,5,4
